{"loss": [0.1841215457494355], "auc": [0.8649377911276115], "valid_loss": [0.14915472269058228], "valid_auc": [0.895904252156108]}